Latitude,Longitude,Elevation
44.48,-92.63,336.7524108886719
44.48,-92.62326241217798,320.7701110839844
44.48,-92.61652482435595,319.881103515625
44.48,-92.60978723653395,323.3656616210938
44.48,-92.60304964871193,331.2798461914062
44.48,-92.59631206088993,327.4259338378906
44.48,-92.58957447306791,285.6641845703125
44.48,-92.58283688524588,259.0016174316406
44.48,-92.57609929742388,267.7430419921875
44.48,-92.56936170960184,300.3384399414062
44.48,-92.56262412177985,317.3464965820312
44.48,-92.5558865339578,258.6673583984375
44.48,-92.54914894613579,274.9774780273438
44.48,-92.54241135831379,334.8336486816406
44.48,-92.53567377049177,320.4664916992188
44.48,-92.52893618266977,326.3888854980469
44.48,-92.52219859484774,313.1559143066406
44.48,-92.51546100702572,309.5577087402344
44.48,-92.5087234192037,290.1733093261719
44.48,-92.50198583138169,329.2975158691406
44.48,-92.49524824355969,332.1617736816406
44.48,-92.48851065573764,310.26171875
44.48,-92.48177306791565,279.8389282226562
44.48,-92.47503548009364,320.0994873046875
44.48,-92.4682978922716,333.8175048828125
44.48,-92.46156030444959,327.3508605957031
44.48,-92.45482271662758,331.0298461914062
44.48,-92.44808512880556,279.2421569824219
44.48479491666666,-92.63,334.3699340820312
44.48479491666666,-92.62326241217798,332.2968139648438
44.48479491666666,-92.61652482435595,338.6716918945312
44.48479491666666,-92.60978723653395,336.839599609375
44.48479491666666,-92.60304964871193,325.5160217285156
44.48479491666666,-92.59631206088993,324.8805541992188
44.48479491666666,-92.58957447306791,310.6935729980469
44.48479491666666,-92.58283688524588,268.1769714355469
44.48479491666666,-92.57609929742388,255.6795654296875
44.48479491666666,-92.56936170960184,304.0972595214844
44.48479491666666,-92.56262412177985,317.1764221191406
44.48479491666666,-92.5558865339578,252.3535461425781
44.48479491666666,-92.54914894613579,316.0205688476562
44.48479491666666,-92.54241135831379,312.0960998535156
44.48479491666666,-92.53567377049177,328.07470703125
44.48479491666666,-92.52893618266977,337.1660461425781
44.48479491666666,-92.52219859484774,328.01611328125
44.48479491666666,-92.51546100702572,315.9255065917969
44.48479491666666,-92.5087234192037,279.7105102539062
44.48479491666666,-92.50198583138169,265.7396850585938
44.48479491666666,-92.49524824355969,315.433349609375
44.48479491666666,-92.48851065573764,309.972900390625
44.48479491666666,-92.48177306791565,262.9945983886719
44.48479491666666,-92.47503548009364,320.60400390625
44.48479491666666,-92.4682978922716,322.0967407226562
44.48479491666666,-92.46156030444959,321.658203125
44.48479491666666,-92.45482271662758,263.8521728515625
44.48479491666666,-92.44808512880556,325.5632934570312
44.48958983333333,-92.63,329.9681701660156
44.48958983333333,-92.62326241217798,330.2623596191406
44.48958983333333,-92.61652482435595,328.3516235351562
44.48958983333333,-92.60978723653395,319.4981689453125
44.48958983333333,-92.60304964871193,314.9374694824219
44.48958983333333,-92.59631206088993,315.3534851074219
44.48958983333333,-92.58957447306791,327.7814331054688
44.48958983333333,-92.58283688524588,318.7116088867188
44.48958983333333,-92.57609929742388,259.2056274414062
44.48958983333333,-92.56936170960184,252.4766693115234
44.48958983333333,-92.56262412177985,251.3653411865234
44.48958983333333,-92.5558865339578,264.5685424804688
44.48958983333333,-92.54914894613579,245.89892578125
44.48958983333333,-92.54241135831379,315.9432983398438
44.48958983333333,-92.53567377049177,298.8479309082031
44.48958983333333,-92.52893618266977,309.3146667480469
44.48958983333333,-92.52219859484774,296.9053344726562
44.48958983333333,-92.51546100702572,312.3655700683594
44.48958983333333,-92.5087234192037,311.5758972167969
44.48958983333333,-92.50198583138169,314.2616271972656
44.48958983333333,-92.49524824355969,263.701904296875
44.48958983333333,-92.48851065573764,276.1134948730469
44.48958983333333,-92.48177306791565,254.2789306640625
44.48958983333333,-92.47503548009364,279.9536437988281
44.48958983333333,-92.4682978922716,284.9940185546875
44.48958983333333,-92.46156030444959,295.3955383300781
44.48958983333333,-92.45482271662758,247.7269287109375
44.48958983333333,-92.44808512880556,246.8327178955078
44.49438475,-92.63,325.13623046875
44.49438475,-92.62326241217798,326.7361145019531
44.49438475,-92.61652482435595,329.0140380859375
44.49438475,-92.60978723653395,332.693359375
44.49438475,-92.60304964871193,331.0216979980469
44.49438475,-92.59631206088993,329.8818359375
44.49438475,-92.58957447306791,329.7737426757812
44.49438475,-92.58283688524588,321.7883605957031
44.49438475,-92.57609929742388,286.6919250488281
44.49438475,-92.56936170960184,321.6932678222656
44.49438475,-92.56262412177985,262.1637268066406
44.49438475,-92.5558865339578,251.1164398193359
44.49438475,-92.54914894613579,242.5483856201172
44.49438475,-92.54241135831379,256.9742736816406
44.49438475,-92.53567377049177,281.9292602539062
44.49438475,-92.52893618266977,285.1830139160156
44.49438475,-92.52219859484774,285.8905944824219
44.49438475,-92.51546100702572,273.109375
44.49438475,-92.5087234192037,273.2579650878906
44.49438475,-92.50198583138169,272.0500793457031
44.49438475,-92.49524824355969,262.3179626464844
44.49438475,-92.48851065573764,256.6582946777344
44.49438475,-92.48177306791565,255.9046020507812
44.49438475,-92.47503548009364,251.7249908447266
44.49438475,-92.4682978922716,249.5203399658203
44.49438475,-92.46156030444959,250.5858764648438
44.49438475,-92.45482271662758,319.6927795410156
44.49438475,-92.44808512880556,324.1199645996094
44.49917966666667,-92.63,320.2168579101562
44.49917966666667,-92.62326241217798,323.1909484863281
44.49917966666667,-92.61652482435595,328.9643859863281
44.49917966666667,-92.60978723653395,332.6390380859375
44.49917966666667,-92.60304964871193,323.5601196289062
44.49917966666667,-92.59631206088993,340.1947021484375
44.49917966666667,-92.58957447306791,328.0821228027344
44.49917966666667,-92.58283688524588,324.6403503417969
44.49917966666667,-92.57609929742388,324.2058715820312
44.49917966666667,-92.56936170960184,276.611083984375
44.49917966666667,-92.56262412177985,234.2457733154297
44.49917966666667,-92.5558865339578,237.5761260986328
44.49917966666667,-92.54914894613579,298.6031799316406
44.49917966666667,-92.54241135831379,299.0986938476562
44.49917966666667,-92.53567377049177,281.7434997558594
44.49917966666667,-92.52893618266977,333.9495544433594
44.49917966666667,-92.52219859484774,287.0658569335938
44.49917966666667,-92.51546100702572,318.4371948242188
44.49917966666667,-92.5087234192037,321.8536987304688
44.49917966666667,-92.50198583138169,322.3934936523438
44.49917966666667,-92.49524824355969,301.2105102539062
44.49917966666667,-92.48851065573764,329.9283447265625
44.49917966666667,-92.48177306791565,294.0988464355469
44.49917966666667,-92.47503548009364,277.5792236328125
44.49917966666667,-92.4682978922716,306.201416015625
44.49917966666667,-92.46156030444959,274.8102416992188
44.49917966666667,-92.45482271662758,311.0344543457031
44.49917966666667,-92.44808512880556,307.9233093261719
44.50397458333334,-92.63,329.0068054199219
44.50397458333334,-92.62326241217798,330.7879638671875
44.50397458333334,-92.61652482435595,331.2857666015625
44.50397458333334,-92.60978723653395,323.385498046875
44.50397458333334,-92.60304964871193,321.7718811035156
44.50397458333334,-92.59631206088993,332.2465209960938
44.50397458333334,-92.58957447306791,333.1979064941406
44.50397458333334,-92.58283688524588,321.1004028320312
44.50397458333334,-92.57609929742388,301.2272033691406
44.50397458333334,-92.56936170960184,329.5297546386719
44.50397458333334,-92.56262412177985,232.9794464111328
44.50397458333334,-92.5558865339578,286.457275390625
44.50397458333334,-92.54914894613579,309.2330627441406
44.50397458333334,-92.54241135831379,306.7698974609375
44.50397458333334,-92.53567377049177,323.9992980957031
44.50397458333334,-92.52893618266977,326.5599365234375
44.50397458333334,-92.52219859484774,300.6937561035156
44.50397458333334,-92.51546100702572,329.5252990722656
44.50397458333334,-92.5087234192037,331.6287536621094
44.50397458333334,-92.50198583138169,337.2217712402344
44.50397458333334,-92.49524824355969,333.4032897949219
44.50397458333334,-92.48851065573764,321.3297119140625
44.50397458333334,-92.48177306791565,328.34814453125
44.50397458333334,-92.47503548009364,320.9336853027344
44.50397458333334,-92.4682978922716,307.8553771972656
44.50397458333334,-92.46156030444959,322.4476318359375
44.50397458333334,-92.45482271662758,325.3319091796875
44.50397458333334,-92.44808512880556,318.3678283691406
44.50876950000001,-92.63,323.4225463867188
44.50876950000001,-92.62326241217798,323.4081726074219
44.50876950000001,-92.61652482435595,319.2336120605469
44.50876950000001,-92.60978723653395,328.4129943847656
44.50876950000001,-92.60304964871193,310.73486328125
44.50876950000001,-92.59631206088993,334.5340270996094
44.50876950000001,-92.58957447306791,331.2926025390625
44.50876950000001,-92.58283688524588,320.2269287109375
44.50876950000001,-92.57609929742388,317.4964294433594
44.50876950000001,-92.56936170960184,263.4495544433594
44.50876950000001,-92.56262412177985,232.1364288330078
44.50876950000001,-92.5558865339578,299.36376953125
44.50876950000001,-92.54914894613579,328.6020202636719
44.50876950000001,-92.54241135831379,332.826416015625
44.50876950000001,-92.53567377049177,322.8652648925781
44.50876950000001,-92.52893618266977,322.7509155273438
44.50876950000001,-92.52219859484774,320.9417724609375
44.50876950000001,-92.51546100702572,326.2339782714844
44.50876950000001,-92.5087234192037,332.2745971679688
44.50876950000001,-92.50198583138169,321.5635681152344
44.50876950000001,-92.49524824355969,321.1881103515625
44.50876950000001,-92.48851065573764,325.1023864746094
44.50876950000001,-92.48177306791565,324.581787109375
44.50876950000001,-92.47503548009364,331.2985534667969
44.50876950000001,-92.4682978922716,326.5369873046875
44.50876950000001,-92.46156030444959,289.8034057617188
44.50876950000001,-92.45482271662758,322.287353515625
44.50876950000001,-92.44808512880556,329.8076782226562
44.51356441666668,-92.63,304.6570434570312
44.51356441666668,-92.62326241217798,319.2688598632812
44.51356441666668,-92.61652482435595,325.9567260742188
44.51356441666668,-92.60978723653395,328.3310241699219
44.51356441666668,-92.60304964871193,301.9844665527344
44.51356441666668,-92.59631206088993,333.17724609375
44.51356441666668,-92.58957447306791,322.2500610351562
44.51356441666668,-92.58283688524588,307.759033203125
44.51356441666668,-92.57609929742388,322.6543579101562
44.51356441666668,-92.56936170960184,321.2666625976562
44.51356441666668,-92.56262412177985,229.3775177001953
44.51356441666668,-92.5558865339578,274.0950317382812
44.51356441666668,-92.54914894613579,302.9424743652344
44.51356441666668,-92.54241135831379,333.0317687988281
44.51356441666668,-92.53567377049177,317.2142639160156
44.51356441666668,-92.52893618266977,319.4479370117188
44.51356441666668,-92.52219859484774,332.3029174804688
44.51356441666668,-92.51546100702572,334.8164978027344
44.51356441666668,-92.5087234192037,332.2346801757812
44.51356441666668,-92.50198583138169,322.7650146484375
44.51356441666668,-92.49524824355969,307.0802612304688
44.51356441666668,-92.48851065573764,269.2590637207031
44.51356441666668,-92.48177306791565,318.1506958007812
44.51356441666668,-92.47503548009364,317.238037109375
44.51356441666668,-92.4682978922716,319.0069580078125
44.51356441666668,-92.46156030444959,273.6543579101562
44.51356441666668,-92.45482271662758,325.1626892089844
44.51356441666668,-92.44808512880556,317.3297424316406
44.518359333333336,-92.63,328.4324645996094
44.518359333333336,-92.62326241217798,332.8056640625
44.518359333333336,-92.61652482435595,331.4266967773438
44.518359333333336,-92.60978723653395,320.5094299316406
44.518359333333336,-92.60304964871193,324.6556091308594
44.518359333333336,-92.59631206088993,330.0205383300781
44.518359333333336,-92.58957447306791,323.5131225585938
44.518359333333336,-92.58283688524588,280.7510681152344
44.518359333333336,-92.57609929742388,323.2694091796875
44.518359333333336,-92.56936170960184,265.3750610351562
44.518359333333336,-92.56262412177985,221.2821044921875
44.518359333333336,-92.5558865339578,275.9558410644531
44.518359333333336,-92.54914894613579,278.3648376464844
44.518359333333336,-92.54241135831379,279.4869384765625
44.518359333333336,-92.53567377049177,316.725341796875
44.518359333333336,-92.52893618266977,290.0387268066406
44.518359333333336,-92.52219859484774,327.7501525878906
44.518359333333336,-92.51546100702572,314.095703125
44.518359333333336,-92.5087234192037,334.9741516113281
44.518359333333336,-92.50198583138169,331.7942504882812
44.518359333333336,-92.49524824355969,318.5469055175781
44.518359333333336,-92.48851065573764,330.3947143554688
44.518359333333336,-92.48177306791565,257.9992980957031
44.518359333333336,-92.47503548009364,258.5612182617188
44.518359333333336,-92.4682978922716,312.7597045898438
44.518359333333336,-92.46156030444959,298.5064392089844
44.518359333333336,-92.45482271662758,312.0267639160156
44.518359333333336,-92.44808512880556,260.7502136230469
44.52315425000001,-92.63,312.7846069335938
44.52315425000001,-92.62326241217798,328.3429260253906
44.52315425000001,-92.61652482435595,321.1512451171875
44.52315425000001,-92.60978723653395,319.0785522460938
44.52315425000001,-92.60304964871193,311.5351867675781
44.52315425000001,-92.59631206088993,288.5299377441406
44.52315425000001,-92.58957447306791,307.1643981933594
44.52315425000001,-92.58283688524588,258.08544921875
44.52315425000001,-92.57609929742388,313.1505126953125
44.52315425000001,-92.56936170960184,316.243408203125
44.52315425000001,-92.56262412177985,237.3263549804688
44.52315425000001,-92.5558865339578,269.5905151367188
44.52315425000001,-92.54914894613579,252.1627502441406
44.52315425000001,-92.54241135831379,300.7069091796875
44.52315425000001,-92.53567377049177,258.6983947753906
44.52315425000001,-92.52893618266977,300.4755249023438
44.52315425000001,-92.52219859484774,321.2044372558594
44.52315425000001,-92.51546100702572,322.5240783691406
44.52315425000001,-92.5087234192037,321.6952514648438
44.52315425000001,-92.50198583138169,315.9756469726562
44.52315425000001,-92.49524824355969,286.0277099609375
44.52315425000001,-92.48851065573764,301.4846801757812
44.52315425000001,-92.48177306791565,318.3353576660156
44.52315425000001,-92.47503548009364,246.0364685058594
44.52315425000001,-92.4682978922716,328.4467468261719
44.52315425000001,-92.46156030444959,296.4627685546875
44.52315425000001,-92.45482271662758,244.5614318847656
44.52315425000001,-92.44808512880556,317.621337890625
44.52794916666668,-92.63,306.387451171875
44.52794916666668,-92.62326241217798,321.3507690429688
44.52794916666668,-92.61652482435595,307.1298217773438
44.52794916666668,-92.60978723653395,312.173095703125
44.52794916666668,-92.60304964871193,314.9774169921875
44.52794916666668,-92.59631206088993,266.1459045410156
44.52794916666668,-92.58957447306791,290.1632385253906
44.52794916666668,-92.58283688524588,265.8574523925781
44.52794916666668,-92.57609929742388,310.2005310058594
44.52794916666668,-92.56936170960184,296.0363464355469
44.52794916666668,-92.56262412177985,220.0670013427734
44.52794916666668,-92.5558865339578,234.3911743164062
44.52794916666668,-92.54914894613579,252.8975830078125
44.52794916666668,-92.54241135831379,258.6210327148438
44.52794916666668,-92.53567377049177,268.5273742675781
44.52794916666668,-92.52893618266977,308.4754638671875
44.52794916666668,-92.52219859484774,323.6092529296875
44.52794916666668,-92.51546100702572,323.3793640136719
44.52794916666668,-92.5087234192037,273.1658935546875
44.52794916666668,-92.50198583138169,307.0710754394531
44.52794916666668,-92.49524824355969,304.0703735351562
44.52794916666668,-92.48851065573764,250.7848358154297
44.52794916666668,-92.48177306791565,245.0211181640625
44.52794916666668,-92.47503548009364,237.6087341308594
44.52794916666668,-92.4682978922716,243.937255859375
44.52794916666668,-92.46156030444959,317.52783203125
44.52794916666668,-92.45482271662758,244.5296325683594
44.52794916666668,-92.44808512880556,265.6531677246094
44.53274408333335,-92.63,292.4201354980469
44.53274408333335,-92.62326241217798,316.2565307617188
44.53274408333335,-92.61652482435595,318.0083312988281
44.53274408333335,-92.60978723653395,286.77392578125
44.53274408333335,-92.60304964871193,314.4344177246094
44.53274408333335,-92.59631206088993,312.2384338378906
44.53274408333335,-92.58957447306791,250.2680816650391
44.53274408333335,-92.58283688524588,245.3465118408203
44.53274408333335,-92.57609929742388,282.2962951660156
44.53274408333335,-92.56936170960184,265.7079162597656
44.53274408333335,-92.56262412177985,219.4710998535156
44.53274408333335,-92.5558865339578,245.8694763183594
44.53274408333335,-92.54914894613579,255.2495880126953
44.53274408333335,-92.54241135831379,308.3799743652344
44.53274408333335,-92.53567377049177,325.8464660644531
44.53274408333335,-92.52893618266977,311.3504638671875
44.53274408333335,-92.52219859484774,316.8774719238281
44.53274408333335,-92.51546100702572,321.994384765625
44.53274408333335,-92.5087234192037,315.6865844726562
44.53274408333335,-92.50198583138169,311.5025329589844
44.53274408333335,-92.49524824355969,320.8030700683594
44.53274408333335,-92.48851065573764,267.4576110839844
44.53274408333335,-92.48177306791565,318.8223876953125
44.53274408333335,-92.47503548009364,316.7215881347656
44.53274408333335,-92.4682978922716,261.233642578125
44.53274408333335,-92.46156030444959,228.7725830078125
44.53274408333335,-92.45482271662758,238.6510009765625
44.53274408333335,-92.44808512880556,307.9549865722656
44.53753900000002,-92.63,310.1004943847656
44.53753900000002,-92.62326241217798,267.560302734375
44.53753900000002,-92.61652482435595,302.8722839355469
44.53753900000002,-92.60978723653395,310.2823181152344
44.53753900000002,-92.60304964871193,295.242919921875
44.53753900000002,-92.59631206088993,254.1573333740234
44.53753900000002,-92.58957447306791,252.9376068115234
44.53753900000002,-92.58283688524588,248.2685394287109
44.53753900000002,-92.57609929742388,253.6794738769531
44.53753900000002,-92.56936170960184,249.0576629638672
44.53753900000002,-92.56262412177985,217.4602355957031
44.53753900000002,-92.5558865339578,267.1005249023438
44.53753900000002,-92.54914894613579,299.7963562011719
44.53753900000002,-92.54241135831379,276.8899536132812
44.53753900000002,-92.53567377049177,318.4116516113281
44.53753900000002,-92.52893618266977,318.0536499023438
44.53753900000002,-92.52219859484774,322.2202453613281
44.53753900000002,-92.51546100702572,325.1942443847656
44.53753900000002,-92.5087234192037,326.9217834472656
44.53753900000002,-92.50198583138169,332.3419799804688
44.53753900000002,-92.49524824355969,320.0313415527344
44.53753900000002,-92.48851065573764,307.5226745605469
44.53753900000002,-92.48177306791565,284.7535400390625
44.53753900000002,-92.47503548009364,255.6744079589844
44.53753900000002,-92.4682978922716,268.9982299804688
44.53753900000002,-92.46156030444959,290.9889831542969
44.53753900000002,-92.45482271662758,224.0295562744141
44.53753900000002,-92.44808512880556,232.916748046875
44.54233391666669,-92.63,297.5084228515625
44.54233391666669,-92.62326241217798,295.485107421875
44.54233391666669,-92.61652482435595,254.3452453613281
44.54233391666669,-92.60978723653395,298.7846374511719
44.54233391666669,-92.60304964871193,298.3442993164062
44.54233391666669,-92.59631206088993,288.8176879882812
44.54233391666669,-92.58957447306791,236.6908721923828
44.54233391666669,-92.58283688524588,245.5729675292969
44.54233391666669,-92.57609929742388,220.5144805908203
44.54233391666669,-92.56936170960184,213.8841857910156
44.54233391666669,-92.56262412177985,219.0055389404297
44.54233391666669,-92.5558865339578,246.8186950683594
44.54233391666669,-92.54914894613579,249.5799102783203
44.54233391666669,-92.54241135831379,275.5295104980469
44.54233391666669,-92.53567377049177,269.0177001953125
44.54233391666669,-92.52893618266977,319.2936096191406
44.54233391666669,-92.52219859484774,322.0369262695312
44.54233391666669,-92.51546100702572,316.046630859375
44.54233391666669,-92.5087234192037,324.5591125488281
44.54233391666669,-92.50198583138169,326.2463073730469
44.54233391666669,-92.49524824355969,321.6995239257812
44.54233391666669,-92.48851065573764,313.6423034667969
44.54233391666669,-92.48177306791565,276.1905517578125
44.54233391666669,-92.47503548009364,316.6097412109375
44.54233391666669,-92.4682978922716,307.3771057128906
44.54233391666669,-92.46156030444959,268.1664428710938
44.54233391666669,-92.45482271662758,259.9230041503906
44.54233391666669,-92.44808512880556,218.9443817138672
44.547128833333346,-92.63,289.4292297363281
44.547128833333346,-92.62326241217798,244.7074279785156
44.547128833333346,-92.61652482435595,301.7710571289062
44.547128833333346,-92.60978723653395,264.2478942871094
44.547128833333346,-92.60304964871193,273.8839416503906
44.547128833333346,-92.59631206088993,256.0535888671875
44.547128833333346,-92.58957447306791,280.0981750488281
44.547128833333346,-92.58283688524588,283.1082458496094
44.547128833333346,-92.57609929742388,309.8354797363281
44.547128833333346,-92.56936170960184,213.9441070556641
44.547128833333346,-92.56262412177985,230.8811798095703
44.547128833333346,-92.5558865339578,267.2705993652344
44.547128833333346,-92.54914894613579,314.1201171875
44.547128833333346,-92.54241135831379,305.1838073730469
44.547128833333346,-92.53567377049177,274.8661804199219
44.547128833333346,-92.52893618266977,312.1799926757812
44.547128833333346,-92.52219859484774,321.930419921875
44.547128833333346,-92.51546100702572,278.1747436523438
44.547128833333346,-92.5087234192037,311.9208679199219
44.547128833333346,-92.50198583138169,318.1234130859375
44.547128833333346,-92.49524824355969,280.4566650390625
44.547128833333346,-92.48851065573764,280.0459594726562
44.547128833333346,-92.48177306791565,249.7218780517578
44.547128833333346,-92.47503548009364,310.7487182617188
44.547128833333346,-92.4682978922716,311.0488586425781
44.547128833333346,-92.46156030444959,248.2083892822266
44.547128833333346,-92.45482271662758,220.1507110595703
44.547128833333346,-92.44808512880556,247.7036743164062
44.55192375000002,-92.63,277.8992919921875
44.55192375000002,-92.62326241217798,253.0765075683594
44.55192375000002,-92.61652482435595,256.4992980957031
44.55192375000002,-92.60978723653395,247.6985931396484
44.55192375000002,-92.60304964871193,248.3392791748047
44.55192375000002,-92.59631206088993,256.4415283203125
44.55192375000002,-92.58957447306791,312.5166015625
44.55192375000002,-92.58283688524588,274.599609375
44.55192375000002,-92.57609929742388,256.9025268554688
44.55192375000002,-92.56936170960184,224.8203735351562
44.55192375000002,-92.56262412177985,212.0034027099609
44.55192375000002,-92.5558865339578,250.8657684326172
44.55192375000002,-92.54914894613579,270.1357116699219
44.55192375000002,-92.54241135831379,253.1131896972656
44.55192375000002,-92.53567377049177,268.3343505859375
44.55192375000002,-92.52893618266977,259.3623046875
44.55192375000002,-92.52219859484774,298.1235046386719
44.55192375000002,-92.51546100702572,274.0310974121094
44.55192375000002,-92.5087234192037,268.8669738769531
44.55192375000002,-92.50198583138169,250.1400451660156
44.55192375000002,-92.49524824355969,248.0043182373047
44.55192375000002,-92.48851065573764,248.7994689941406
44.55192375000002,-92.48177306791565,235.44873046875
44.55192375000002,-92.47503548009364,254.0064392089844
44.55192375000002,-92.4682978922716,221.5601654052734
44.55192375000002,-92.46156030444959,280.6787414550781
44.55192375000002,-92.45482271662758,313.47412109375
44.55192375000002,-92.44808512880556,314.9910583496094
44.55671866666669,-92.63,247.7048492431641
44.55671866666669,-92.62326241217798,249.0059356689453
44.55671866666669,-92.61652482435595,244.6959686279297
44.55671866666669,-92.60978723653395,232.2876739501953
44.55671866666669,-92.60304964871193,266.5167541503906
44.55671866666669,-92.59631206088993,272.155029296875
44.55671866666669,-92.58957447306791,256.1611022949219
44.55671866666669,-92.58283688524588,273.0146789550781
44.55671866666669,-92.57609929742388,269.3384399414062
44.55671866666669,-92.56936170960184,229.1077423095703
44.55671866666669,-92.56262412177985,211.1529235839844
44.55671866666669,-92.5558865339578,228.3285675048828
44.55671866666669,-92.54914894613579,257.2408752441406
44.55671866666669,-92.54241135831379,270.16748046875
44.55671866666669,-92.53567377049177,268.1887817382812
44.55671866666669,-92.52893618266977,270.50048828125
44.55671866666669,-92.52219859484774,246.71337890625
44.55671866666669,-92.51546100702572,251.2550964355469
44.55671866666669,-92.5087234192037,325.9327392578125
44.55671866666669,-92.50198583138169,264.88232421875
44.55671866666669,-92.49524824355969,245.8867034912109
44.55671866666669,-92.48851065573764,219.5088653564453
44.55671866666669,-92.48177306791565,227.451416015625
44.55671866666669,-92.47503548009364,257.5087585449219
44.55671866666669,-92.4682978922716,310.4541320800781
44.55671866666669,-92.46156030444959,312.3064575195312
44.55671866666669,-92.45482271662758,308.1837158203125
44.55671866666669,-92.44808512880556,203.0088043212891
44.56151358333336,-92.63,299.8369445800781
44.56151358333336,-92.62326241217798,278.1385192871094
44.56151358333336,-92.61652482435595,243.249755859375
44.56151358333336,-92.60978723653395,234.8347930908203
44.56151358333336,-92.60304964871193,250.3695983886719
44.56151358333336,-92.59631206088993,289.4746398925781
44.56151358333336,-92.58957447306791,246.6179962158203
44.56151358333336,-92.58283688524588,245.4734649658203
44.56151358333336,-92.57609929742388,265.2512512207031
44.56151358333336,-92.56936170960184,233.7877197265625
44.56151358333336,-92.56262412177985,209.0545196533203
44.56151358333336,-92.5558865339578,246.7584381103516
44.56151358333336,-92.54914894613579,225.4481658935547
44.56151358333336,-92.54241135831379,230.5575866699219
44.56151358333336,-92.53567377049177,230.4442138671875
44.56151358333336,-92.52893618266977,233.0584564208984
44.56151358333336,-92.52219859484774,318.4424743652344
44.56151358333336,-92.51546100702572,306.7162780761719
44.56151358333336,-92.5087234192037,266.3871765136719
44.56151358333336,-92.50198583138169,228.1234283447266
44.56151358333336,-92.49524824355969,220.6713562011719
44.56151358333336,-92.48851065573764,229.1715393066406
44.56151358333336,-92.48177306791565,289.2370300292969
44.56151358333336,-92.47503548009364,312.9871215820312
44.56151358333336,-92.4682978922716,290.4473571777344
44.56151358333336,-92.46156030444959,217.5226287841797
44.56151358333336,-92.45482271662758,203.0
44.56151358333336,-92.44808512880556,203.6590881347656
44.56630850000003,-92.63,249.4588317871094
44.56630850000003,-92.62326241217798,250.8383178710938
44.56630850000003,-92.61652482435595,253.8592681884766
44.56630850000003,-92.60978723653395,234.0888214111328
44.56630850000003,-92.60304964871193,235.5098724365234
44.56630850000003,-92.59631206088993,246.8689727783203
44.56630850000003,-92.58957447306791,226.4299774169922
44.56630850000003,-92.58283688524588,219.1784973144531
44.56630850000003,-92.57609929742388,218.8062438964844
44.56630850000003,-92.56936170960184,214.3059387207031
44.56630850000003,-92.56262412177985,209.7488098144531
44.56630850000003,-92.5558865339578,204.2915344238281
44.56630850000003,-92.54914894613579,206.4474029541016
44.56630850000003,-92.54241135831379,203.0
44.56630850000003,-92.53567377049177,212.7646636962891
44.56630850000003,-92.52893618266977,214.9333343505859
44.56630850000003,-92.52219859484774,214.8123474121094
44.56630850000003,-92.51546100702572,220.8461456298828
44.56630850000003,-92.5087234192037,203.0
44.56630850000003,-92.50198583138169,206.3811645507812
44.56630850000003,-92.49524824355969,203.0
44.56630850000003,-92.48851065573764,203.0
44.56630850000003,-92.48177306791565,203.4605865478516
44.56630850000003,-92.47503548009364,203.0
44.56630850000003,-92.4682978922716,205.8883361816406
44.56630850000003,-92.46156030444959,203.0
44.56630850000003,-92.45482271662758,203.0
44.56630850000003,-92.44808512880556,203.0
44.5711034166667,-92.63,241.6291809082031
44.5711034166667,-92.62326241217798,230.23291015625
44.5711034166667,-92.61652482435595,231.474609375
44.5711034166667,-92.60978723653395,243.3047027587891
44.5711034166667,-92.60304964871193,243.1524505615234
44.5711034166667,-92.59631206088993,214.3967742919922
44.5711034166667,-92.58957447306791,217.9348754882812
44.5711034166667,-92.58283688524588,211.0930480957031
44.5711034166667,-92.57609929742388,203.9183044433594
44.5711034166667,-92.56936170960184,204.0473785400391
44.5711034166667,-92.56262412177985,206.5126800537109
44.5711034166667,-92.5558865339578,203.8981323242188
44.5711034166667,-92.54914894613579,207.9739685058594
44.5711034166667,-92.54241135831379,203.0
44.5711034166667,-92.53567377049177,207.8286437988281
44.5711034166667,-92.52893618266977,208.6383666992188
44.5711034166667,-92.52219859484774,208.2706756591797
44.5711034166667,-92.51546100702572,205.6950073242188
44.5711034166667,-92.5087234192037,203.0
44.5711034166667,-92.50198583138169,203.0
44.5711034166667,-92.49524824355969,203.0
44.5711034166667,-92.48851065573764,203.4855194091797
44.5711034166667,-92.48177306791565,204.8407897949219
44.5711034166667,-92.47503548009364,203.0
44.5711034166667,-92.4682978922716,203.0
44.5711034166667,-92.46156030444959,203.0
44.5711034166667,-92.45482271662758,203.0
44.5711034166667,-92.44808512880556,203.0
44.575898333333356,-92.63,209.0205688476562
44.575898333333356,-92.62326241217798,206.7129821777344
44.575898333333356,-92.61652482435595,208.3294982910156
44.575898333333356,-92.60978723653395,242.0607299804688
44.575898333333356,-92.60304964871193,219.5658569335938
44.575898333333356,-92.59631206088993,212.7184295654297
44.575898333333356,-92.58957447306791,207.9886474609375
44.575898333333356,-92.58283688524588,204.9450378417969
44.575898333333356,-92.57609929742388,203.8722686767578
44.575898333333356,-92.56936170960184,204.0420989990234
44.575898333333356,-92.56262412177985,204.0088653564453
44.575898333333356,-92.5558865339578,203.9734954833984
44.575898333333356,-92.54914894613579,203.0
44.575898333333356,-92.54241135831379,203.0
44.575898333333356,-92.53567377049177,203.0
44.575898333333356,-92.52893618266977,206.8208465576172
44.575898333333356,-92.52219859484774,203.0
44.575898333333356,-92.51546100702572,204.4113464355469
44.575898333333356,-92.5087234192037,203.0
44.575898333333356,-92.50198583138169,203.0
44.575898333333356,-92.49524824355969,203.0
44.575898333333356,-92.48851065573764,203.0
44.575898333333356,-92.48177306791565,203.0
44.575898333333356,-92.47503548009364,203.0
44.575898333333356,-92.4682978922716,203.0
44.575898333333356,-92.46156030444959,203.1299743652344
44.575898333333356,-92.45482271662758,203.0
44.575898333333356,-92.44808512880556,203.0
44.58069325000003,-92.63,213.4013824462891
44.58069325000003,-92.62326241217798,218.7718200683594
44.58069325000003,-92.61652482435595,206.9076690673828
44.58069325000003,-92.60978723653395,207.6717071533203
44.58069325000003,-92.60304964871193,207.2294158935547
44.58069325000003,-92.59631206088993,205.7196350097656
44.58069325000003,-92.58957447306791,205.4032287597656
44.58069325000003,-92.58283688524588,204.2157592773438
44.58069325000003,-92.57609929742388,203.3582763671875
44.58069325000003,-92.56936170960184,203.4329986572266
44.58069325000003,-92.56262412177985,204.0812377929688
44.58069325000003,-92.5558865339578,204.1096954345703
44.58069325000003,-92.54914894613579,203.0
44.58069325000003,-92.54241135831379,203.0390930175781
44.58069325000003,-92.53567377049177,203.0
44.58069325000003,-92.52893618266977,210.0614624023438
44.58069325000003,-92.52219859484774,205.9966278076172
44.58069325000003,-92.51546100702572,205.0714874267578
44.58069325000003,-92.5087234192037,205.3427429199219
44.58069325000003,-92.50198583138169,203.0
44.58069325000003,-92.49524824355969,210.3809356689453
44.58069325000003,-92.48851065573764,210.737548828125
44.58069325000003,-92.48177306791565,207.7578582763672
44.58069325000003,-92.47503548009364,203.0
44.58069325000003,-92.4682978922716,203.1042327880859
44.58069325000003,-92.46156030444959,208.4417266845703
44.58069325000003,-92.45482271662758,209.3785247802734
44.58069325000003,-92.44808512880556,203.0
44.5854881666667,-92.63,315.4042358398438
44.5854881666667,-92.62326241217798,304.5682983398438
44.5854881666667,-92.61652482435595,247.1887359619141
44.5854881666667,-92.60978723653395,206.9938507080078
44.5854881666667,-92.60304964871193,207.8392028808594
44.5854881666667,-92.59631206088993,206.1761627197266
44.5854881666667,-92.58957447306791,206.0679321289062
44.5854881666667,-92.58283688524588,206.3714599609375
44.5854881666667,-92.57609929742388,203.6269226074219
44.5854881666667,-92.56936170960184,203.4271697998047
44.5854881666667,-92.56262412177985,205.0698547363281
44.5854881666667,-92.5558865339578,204.0
44.5854881666667,-92.54914894613579,207.8465728759766
44.5854881666667,-92.54241135831379,205.9363555908203
44.5854881666667,-92.53567377049177,203.0
44.5854881666667,-92.52893618266977,208.0233001708984
44.5854881666667,-92.52219859484774,203.0
44.5854881666667,-92.51546100702572,203.0
44.5854881666667,-92.5087234192037,203.0
44.5854881666667,-92.50198583138169,219.3544464111328
44.5854881666667,-92.49524824355969,220.6839599609375
44.5854881666667,-92.48851065573764,228.8885192871094
44.5854881666667,-92.48177306791565,227.8631286621094
44.5854881666667,-92.47503548009364,226.9684600830078
44.5854881666667,-92.4682978922716,222.5014953613281
44.5854881666667,-92.46156030444959,222.4370727539062
44.5854881666667,-92.45482271662758,209.7803039550781
44.5854881666667,-92.44808512880556,209.2648773193359
44.59028308333337,-92.63,303.2145385742188
44.59028308333337,-92.62326241217798,287.7238159179688
44.59028308333337,-92.61652482435595,205.2975158691406
44.59028308333337,-92.60978723653395,207.4453735351562
44.59028308333337,-92.60304964871193,208.6783294677734
44.59028308333337,-92.59631206088993,206.84765625
44.59028308333337,-92.58957447306791,205.0321807861328
44.59028308333337,-92.58283688524588,204.7499694824219
44.59028308333337,-92.57609929742388,205.7887268066406
44.59028308333337,-92.56936170960184,204.4328155517578
44.59028308333337,-92.56262412177985,204.4120330810547
44.59028308333337,-92.5558865339578,210.3332672119141
44.59028308333337,-92.54914894613579,213.5272827148438
44.59028308333337,-92.54241135831379,217.6286773681641
44.59028308333337,-92.53567377049177,223.7568054199219
44.59028308333337,-92.52893618266977,224.660400390625
44.59028308333337,-92.52219859484774,217.6625671386719
44.59028308333337,-92.51546100702572,215.2763214111328
44.59028308333337,-92.5087234192037,240.6179809570312
44.59028308333337,-92.50198583138169,234.0251770019531
44.59028308333337,-92.49524824355969,234.9273834228516
44.59028308333337,-92.48851065573764,235.1397247314453
44.59028308333337,-92.48177306791565,236.38134765625
44.59028308333337,-92.47503548009364,236.0604705810547
44.59028308333337,-92.4682978922716,225.6854095458984
44.59028308333337,-92.46156030444959,231.7344970703125
44.59028308333337,-92.45482271662758,230.7639312744141
44.59028308333337,-92.44808512880556,208.4701538085938
44.595078000000036,-92.63,259.7163391113281
44.595078000000036,-92.62326241217798,214.5610656738281
44.595078000000036,-92.61652482435595,206.7972106933594
44.595078000000036,-92.60978723653395,207.4773254394531
44.595078000000036,-92.60304964871193,204.7450256347656
44.595078000000036,-92.59631206088993,204.8571319580078
44.595078000000036,-92.58957447306791,205.0347595214844
44.595078000000036,-92.58283688524588,204.4637145996094
44.595078000000036,-92.57609929742388,205.3916778564453
44.595078000000036,-92.56936170960184,204.0775604248047
44.595078000000036,-92.56262412177985,204.0
44.595078000000036,-92.5558865339578,206.7433776855469
44.595078000000036,-92.54914894613579,229.6325988769531
44.595078000000036,-92.54241135831379,226.93701171875
44.595078000000036,-92.53567377049177,220.3695526123047
44.595078000000036,-92.52893618266977,218.9890289306641
44.595078000000036,-92.52219859484774,213.6039428710938
44.595078000000036,-92.51546100702572,237.1128082275391
44.595078000000036,-92.5087234192037,236.9234619140625
44.595078000000036,-92.50198583138169,238.3104248046875
44.595078000000036,-92.49524824355969,238.8239440917969
44.595078000000036,-92.48851065573764,240.2999572753906
44.595078000000036,-92.48177306791565,240.5652313232422
44.595078000000036,-92.47503548009364,235.4363861083984
44.595078000000036,-92.4682978922716,224.9976501464844
44.595078000000036,-92.46156030444959,237.9740295410156
44.595078000000036,-92.45482271662758,232.6136779785156
44.595078000000036,-92.44808512880556,208.7581329345703
44.599872916666705,-92.63,204.0329895019531
44.599872916666705,-92.62326241217798,203.8761901855469
44.599872916666705,-92.61652482435595,205.5311126708984
44.599872916666705,-92.60978723653395,204.2728576660156
44.599872916666705,-92.60304964871193,204.2552795410156
44.599872916666705,-92.59631206088993,205.6899108886719
44.599872916666705,-92.58957447306791,205.9812316894531
44.599872916666705,-92.58283688524588,204.0386199951172
44.599872916666705,-92.57609929742388,205.8176727294922
44.599872916666705,-92.56936170960184,204.0001525878906
44.599872916666705,-92.56262412177985,209.6307067871094
44.599872916666705,-92.5558865339578,231.5136871337891
44.599872916666705,-92.54914894613579,226.8665161132812
44.599872916666705,-92.54241135831379,220.3981628417969
44.599872916666705,-92.53567377049177,217.9394683837891
44.599872916666705,-92.52893618266977,217.4559783935547
44.599872916666705,-92.52219859484774,231.8474273681641
44.599872916666705,-92.51546100702572,238.3829193115234
44.599872916666705,-92.5087234192037,242.9687194824219
44.599872916666705,-92.50198583138169,238.4393310546875
44.599872916666705,-92.49524824355969,243.9748840332031
44.599872916666705,-92.48851065573764,238.7973175048828
44.599872916666705,-92.48177306791565,237.7703552246094
44.599872916666705,-92.47503548009364,236.9892120361328
44.599872916666705,-92.4682978922716,238.6297912597656
44.599872916666705,-92.46156030444959,264.3433532714844
44.599872916666705,-92.45482271662758,305.6726379394531
44.599872916666705,-92.44808512880556,211.9936828613281
44.604667833333366,-92.63,218.3619842529297
44.604667833333366,-92.62326241217798,207.5013122558594
44.604667833333366,-92.61652482435595,205.1673126220703
44.604667833333366,-92.60978723653395,208.1730346679688
44.604667833333366,-92.60304964871193,205.1787872314453
44.604667833333366,-92.59631206088993,206.0992889404297
44.604667833333366,-92.58957447306791,204.0
44.604667833333366,-92.58283688524588,204.0
44.604667833333366,-92.57609929742388,204.0
44.604667833333366,-92.56936170960184,204.0
44.604667833333366,-92.56262412177985,229.6177368164062
44.604667833333366,-92.5558865339578,226.7772979736328
44.604667833333366,-92.54914894613579,213.0774841308594
44.604667833333366,-92.54241135831379,215.2424011230469
44.604667833333366,-92.53567377049177,217.07861328125
44.604667833333366,-92.52893618266977,238.0280609130859
44.604667833333366,-92.52219859484774,239.1033172607422
44.604667833333366,-92.51546100702572,239.6763458251953
44.604667833333366,-92.5087234192037,240.4942932128906
44.604667833333366,-92.50198583138169,238.5838623046875
44.604667833333366,-92.49524824355969,239.9000396728516
44.604667833333366,-92.48851065573764,241.0362854003906
44.604667833333366,-92.48177306791565,239.9055023193359
44.604667833333366,-92.47503548009364,259.9972534179688
44.604667833333366,-92.4682978922716,282.5242919921875
44.604667833333366,-92.46156030444959,318.794677734375
44.604667833333366,-92.45482271662758,300.3250427246094
44.604667833333366,-92.44808512880556,211.5167999267578
44.60946275000004,-92.63,203.0
44.60946275000004,-92.62326241217798,214.3287963867188
44.60946275000004,-92.61652482435595,204.0
44.60946275000004,-92.60978723653395,208.8726959228516
44.60946275000004,-92.60304964871193,204.0
44.60946275000004,-92.59631206088993,204.0
44.60946275000004,-92.58957447306791,209.5330810546875
44.60946275000004,-92.58283688524588,207.7018890380859
44.60946275000004,-92.57609929742388,204.0003509521484
44.60946275000004,-92.56936170960184,229.7304382324219
44.60946275000004,-92.56262412177985,219.7308959960938
44.60946275000004,-92.5558865339578,216.2752075195312
44.60946275000004,-92.54914894613579,220.7787475585938
44.60946275000004,-92.54241135831379,219.1753234863281
44.60946275000004,-92.53567377049177,253.9041748046875
44.60946275000004,-92.52893618266977,310.9132080078125
44.60946275000004,-92.52219859484774,285.754150390625
44.60946275000004,-92.51546100702572,311.1510009765625
44.60946275000004,-92.5087234192037,283.19970703125
44.60946275000004,-92.50198583138169,305.6343688964844
44.60946275000004,-92.49524824355969,258.6797180175781
44.60946275000004,-92.48851065573764,275.9417419433594
44.60946275000004,-92.48177306791565,312.3933715820312
44.60946275000004,-92.47503548009364,318.3580627441406
44.60946275000004,-92.4682978922716,319.3436584472656
44.60946275000004,-92.46156030444959,323.2689208984375
44.60946275000004,-92.45482271662758,316.29248046875
44.60946275000004,-92.44808512880556,218.7506866455078
